Month,Year,Time_Id
Jan,2021,1
Feb,2021,2
Mar,2021,3
Apr,2021,4
May,2021,5
Jun,2021,6
Jul,2021,7
Aug,2021,8
Sep,2021,9
Oct,2021,10
Nov,2021,11
Dec,2021,12
Jan,2022,13
Feb,2022,14
Mar,2022,15
Apr,2022,16
May,2022,17
Jun,2022,18
Jul,2022,19
Aug,2022,20
Sep,2022,21
Oct,2022,22
Nov,2022,23
Dec,2022,24
Jan,2023,25
Feb,2023,26
Mar,2023,27
Apr,2023,28
May,2023,29
Jun,2023,30
Jul,2023,31
Aug,2023,32
Sep,2023,33
Oct,2023,34
Nov,2023,35
Dec,2023,36
Jan,2024,37
Feb,2024,38
Mar,2024,39
Apr,2024,40
May,2024,41
Jun,2024,42
Jul,2024,43
Aug,2024,44
Sep,2024,45
Oct,2024,46
Nov,2024,47
Dec,2024,48
Jan,2024,49
Feb,2024,50
